fold,period,rmse,rmse_bull,rmse_bear,dir_acc,dir_bull,dir_bear,asym_loss
Fold 1,2018-11 ~ 2019-10,4.9056782874570635,1.31966416592538,6.325465380577535,100.0,100.0,100.0,5.259881309242444
Fold 2,2019-11 ~ 2020-10,7.045222216597655,7.045222216597655,,100.0,100.0,,7.045222216597655
Fold 3,2020-11 ~ 2021-10,5.186701252623314,5.186701252623314,,100.0,100.0,,5.186701252623314
Fold 4,2021-11 ~ 2022-10,6.152544286236052,7.819937433774465,5.761447486464286,91.66666666666666,100.0,90.0,6.7193234412720075
Fold 5,2022-11 ~ 2023-10,7.53251372031034,8.63584916580831,4.589172824246918,100.0,100.0,100.0,7.186227749668982
CV 평균,-,6.164531952644884,6.001474846945825,5.5586952304295805,98.33333333333333,100.0,96.66666666666667,6.27947119388088
Hold-out,2023-11 ~ 2025-10,34.3783281540394,34.3783281540394,,95.83333333333334,95.83333333333334,,34.507991900108856
