fold,period,rmse,rmse_bull,rmse_bear,dir_acc,dir_bull,dir_bear,asym_loss
Fold 1,2018-08 ~ 2019-07,7.250160610455295,2.1906607856157017,7.881497047982072,91.66666666666666,100.0,90.0,7.475921490251606
Fold 2,2019-08 ~ 2020-07,4.738668985576734,4.738668985576734,,100.0,100.0,,4.738668985576734
Fold 3,2020-08 ~ 2021-07,8.209372906514588,8.209372906514588,,100.0,100.0,,8.209372906514588
Fold 4,2021-08 ~ 2022-07,5.686693191215573,6.514972193139577,5.0119491507125975,83.33333333333334,100.0,71.42857142857143,5.423816458772961
Fold 5,2022-08 ~ 2023-07,4.4061133934318795,5.449071637927979,3.474480726937109,100.0,100.0,100.0,4.213787507509423
CV 평균,-,6.058201817438814,5.420549301754916,5.455975641877259,95.0,100.0,87.14285714285715,6.012313469725062
Hold-out,2023-08 ~ 2025-07,17.411905048130333,17.411905048130333,,95.83333333333334,95.83333333333334,,18.821579112254174
