fold,period,rmse,rmse_bull,rmse_bear,dir_acc,dir_bull,dir_bear,asym_loss,ic
Fold 1,2016-01 ~ 2016-10,48.15396883602281,48.15396883602281,,25.0,25.0,,51.473336683576214,-0.39999999999999997
Fold 2,2017-01 ~ 2017-10,8.584175335788773,8.584175335788773,,100.0,100.0,,8.584175335788773,1.0
Fold 3,2018-01 ~ 2018-10,19.748909201676966,27.799086909573223,2.692507438459035,75.0,50.0,100.0,22.581883800575625,0.7999999999999999
Fold 4,2019-01 ~ 2019-10,9.113976968958841,10.170911385391456,4.681451648195468,75.0,100.0,0.0,7.917178409758037,0.6000000000000001
Fold 5,2020-01 ~ 2020-10,23.67029136522116,24.880395771655675,19.596644916801154,75.0,100.0,0.0,22.394894348371125,0.7999999999999999
CV 평균,-,21.85426434153371,23.917707647686385,8.990201334485219,70.0,75.0,33.333333333333336,22.590293715613953,0.5599999999999999
Hold-out,2021-01 ~ 2025-10,70.34260045246994,89.82188064189513,16.378285409934758,40.0,41.66666666666667,37.5,67.8283514614013,-0.14736842105263157
