fold,period,rmse,rmse_bull,rmse_bear,dir_acc,dir_bull,dir_bear,asym_loss,ic
Fold 1,2018-01 ~ 2018-10,19.214022698081962,17.30772831265133,20.947550623885963,75.0,100.0,50.0,21.87015972755083,0.0
Fold 2,2019-01 ~ 2019-10,11.395031037916082,13.011129202796463,3.3938886287995436,75.0,66.66666666666666,100.0,11.052470812089123,0.6000000000000001
Fold 3,2020-01 ~ 2020-10,24.00092130157212,26.812505034804804,12.142718582456492,100.0,100.0,100.0,22.9874347347676,0.7999999999999999
Fold 4,2021-01 ~ 2021-10,18.73421601753419,5.014799187475648,21.437779644635405,25.0,0.0,33.33333333333333,20.937944942425233,-0.39999999999999997
Fold 5,2022-01 ~ 2022-10,10.488492053907938,,10.488492053907938,75.0,,75.0,10.536854815304832,-0.39999999999999997
CV 평균,-,16.76653662180246,15.536540434432062,13.682085906737068,70.0,66.66666666666666,71.66666666666666,17.476973006427524,0.12000000000000002
Hold-out,2023-01 ~ 2025-10,85.60917440897002,89.38487493221149,7.807328781815617,58.333333333333336,54.54545454545454,100.0,73.7066653295672,0.0
