fold,period,rmse,rmse_bull,rmse_bear,dir_acc,dir_bull,dir_bear,asym_loss,ic
Fold 1,2016-01 ~ 2016-10,53.72108432591025,53.72108432591025,,50.0,50.0,,58.29311397093647,-0.39999999999999997
Fold 2,2017-01 ~ 2017-10,9.453796680318579,9.453796680318579,,75.0,75.0,,10.167038528484397,1.0
Fold 3,2018-01 ~ 2018-10,17.986162174241134,22.516694661380424,11.832266099203796,50.0,0.0,100.0,18.70070173252656,0.7999999999999999
Fold 4,2019-01 ~ 2019-10,6.28074901211649,6.183586066452927,6.563613538982678,100.0,100.0,100.0,6.312804341748029,1.0
Fold 5,2020-01 ~ 2020-10,24.65802605595154,26.507135203399955,18.00523106849688,75.0,100.0,0.0,22.658514542234343,1.0
CV 평균,-,22.419963649707597,23.67645938749243,12.133703568894452,70.0,65.0,66.66666666666667,23.226434623185963,0.6799999999999999
Hold-out,2021-01 ~ 2025-10,63.94659096906312,80.77185282035761,20.899232745758734,70.0,75.0,62.5,63.396209501250205,0.3413533834586466
